config,parameter,truth,bias,rmse,emp_sd,n_valid,n_converged,n_total,status_note
latent_n500_D1_a0,beta0,0.0,0.0006303164163899227,0.08837295499195762,0.08845921059507598,500,500,500,name corrected from beta0.eta_pi
latent_n500_D1_a0,beta1,1.0,-0.012648317371848395,0.12451882998678039,0.12399883269594772,500,500,500,
latent_n500_D1_a0,beta2,0.0,0.004900855793077014,0.08967321738208724,0.08962886921379531,500,500,500,
latent_n500_D1_a0,beta3,0.0,-0.005906714048984011,0.08670185467246366,0.08658704849295874,500,500,500,
latent_n500_D1_a0,beta4,0.0,-0.0010511482338461575,0.08893819539651125,0.08902104909594574,500,500,500,
latent_n500_D1_a0,beta5,0.0,-0.003067844172546634,0.0886090690856921,0.08864463434841081,500,500,500,
latent_n1000_D1_a0,beta0,0.0,-0.0016016095054397854,0.06220417940226178,0.06224583415651633,500,500,500,name corrected from beta0.eta_pi
latent_n1000_D1_a0,beta1,1.0,-0.00248596140800126,0.089461538231927,0.08951655291168693,500,500,500,
latent_n1000_D1_a0,beta2,0.0,0.000319315094085068,0.06290602146046713,0.0629682107494362,500,500,500,
latent_n1000_D1_a0,beta3,0.0,-0.0031920149069598965,0.062032835298232454,0.06201269906771278,500,500,500,
latent_n1000_D1_a0,beta4,0.0,-0.001355918668022106,0.06253794410726583,0.06258586036449722,500,500,500,
latent_n1000_D1_a0,beta5,0.0,-0.0003134014827766234,0.06010982221221033,0.06016920451724956,500,500,500,
latent_n500_D2_a0,beta0,0.0,0.002442462240039525,0.08045112347285087,0.08049457372424537,500,500,500,name corrected from beta0.eta_pi
latent_n500_D2_a0,beta1,2.0,-0.0020083093545067436,0.17639148696485454,0.17655669883359024,500,500,500,
latent_n500_D2_a0,beta2,0.0,-0.008776909172897482,0.07987748320868025,0.07947333017775704,500,500,500,
latent_n500_D2_a0,beta3,0.0,0.004885274348819111,0.08278537612184413,0.08272387244512072,500,500,500,
latent_n500_D2_a0,beta4,0.0,-0.00013264887981112694,0.08203175457395084,0.08211380222463922,500,500,500,
latent_n500_D2_a0,beta5,0.0,-0.0012914733581322472,0.0849782362180571,0.0850535180292706,500,500,500,
latent_n1000_D2_a0,beta0,0.0,0.0020134939896531254,0.060151427014055805,0.06017792601394296,500,500,500,name corrected from beta0.eta_pi
latent_n1000_D2_a0,beta1,2.0,0.011255574459965199,0.12105054816537775,0.12064683407308428,500,500,500,
latent_n1000_D2_a0,beta2,0.0,-0.0002024319411442088,0.060373537008283795,0.06043366153969165,500,500,500,
latent_n1000_D2_a0,beta3,0.0,0.0015173814515535232,0.0622536051716285,0.06229743856772677,500,500,500,
latent_n1000_D2_a0,beta4,0.0,0.0013985191101315423,0.059334236397157625,0.059377159305804075,500,500,500,
latent_n1000_D2_a0,beta5,0.0,-0.00023341845965657893,0.0571639070471669,0.05722067980297033,500,500,500,
latent_n500_D1_a0.1,beta0,0.0,-0.006025546386324813,0.10186873925307756,0.10179242483168724,499,499,500,name corrected from beta0.eta_pi
latent_n500_D1_a0.1,beta1,1.0,0.01276905954325823,0.13968680685581086,0.1392415500298539,499,499,500,
latent_n500_D1_a0.1,beta2,0.0,0.00035565172927151217,0.10289706476844768,0.10299970801080557,499,499,500,
latent_n500_D1_a0.1,beta3,0.0,0.008860425261729319,0.10862300250765482,0.10836966631485097,499,499,500,
latent_n500_D1_a0.1,beta4,0.0,-0.00494419439036366,0.10713584416991795,0.1071290965754302,499,499,500,
latent_n500_D1_a0.1,beta5,0.0,0.007984914721825543,0.09865396578921296,0.09842896655174484,499,499,500,
latent_n1000_D1_a0.1,beta0,0.0,-0.005566659252247818,0.07584766421359068,0.07571886928473301,500,500,500,name corrected from beta0.eta_pi
latent_n1000_D1_a0.1,beta1,1.0,0.004817567693659701,0.09177833696575367,0.09174359897902241,500,500,500,
latent_n1000_D1_a0.1,beta2,0.0,0.0021342911740201477,0.06995340953261708,0.069990869046772,500,500,500,
latent_n1000_D1_a0.1,beta3,0.0,-0.004218408517532485,0.06749476457230942,0.06743027478934828,500,500,500,
latent_n1000_D1_a0.1,beta4,0.0,0.00029493220083361236,0.07015629911855446,0.07022594026698226,500,500,500,
latent_n1000_D1_a0.1,beta5,0.0,-0.0017144979254526977,0.07050143945638694,0.0705511757455847,500,500,500,
latent_n500_D2_a0.1,beta0,0.0,0.004588638901789094,0.09937171430131321,0.09936512896342783,500,500,500,name corrected from beta0.eta_pi
latent_n500_D2_a0.1,beta1,2.0,0.01632707395477846,0.18445880616005766,0.1839188138452437,500,500,500,
latent_n500_D2_a0.1,beta2,0.0,-0.006522825841002886,0.09645851207108057,0.09633409474134279,500,500,500,
latent_n500_D2_a0.1,beta3,0.0,-0.0054373743478571546,0.09750367783074074,0.0974494481287778,500,500,500,
latent_n500_D2_a0.1,beta4,0.0,-0.001906338919023861,0.09902184793089534,0.09910264834702434,500,500,500,
latent_n500_D2_a0.1,beta5,0.0,0.004577708385275411,0.08993288970138393,0.08990625955401914,500,500,500,
latent_n1000_D2_a0.1,beta0,0.0,-0.00032115753599860024,0.06730527798038888,0.06737191738669168,500,500,500,name corrected from beta0.eta_pi
latent_n1000_D2_a0.1,beta1,2.0,0.01736924583512074,0.12606301951989918,0.12498574744234264,500,500,500,
latent_n1000_D2_a0.1,beta2,0.0,0.0037618307289759407,0.0650173647868366,0.06497345190380226,500,500,500,
latent_n1000_D2_a0.1,beta3,0.0,-0.0009634118687055686,0.06931176411013902,0.06937447742409687,500,500,500,
latent_n1000_D2_a0.1,beta4,0.0,0.002997960601230917,0.06656382180105168,0.06656287130727587,500,500,500,
latent_n1000_D2_a0.1,beta5,0.0,-0.0016685749255809683,0.07325362931185506,0.07330796806240963,500,500,500,
latent_n500_D1_a0.2,beta0,0.0,0.00023246125939008704,0.11599671155449678,0.11611358766831001,496,496,500,name corrected from beta0.eta_pi
latent_n500_D1_a0.2,beta1,1.0,0.004118131234551341,0.14954398641644878,0.14963819432726932,496,496,500,
latent_n500_D1_a0.2,beta2,0.0,-0.004739637497189097,0.10891861213109934,0.10892529877328273,496,496,500,
latent_n500_D1_a0.2,beta3,0.0,0.003137501187129966,0.11688842473387581,0.11696427600898587,496,496,500,
latent_n500_D1_a0.2,beta4,0.0,-0.005066653991016324,0.1200303071335336,0.12004439758959588,496,496,500,
latent_n500_D1_a0.2,beta5,0.0,-0.0037917686750749747,0.11885984957585406,0.11891929204745535,496,496,500,
latent_n1000_D1_a0.2,beta0,0.0,0.005730408120257961,0.07938142229043793,0.07925361125792922,500,500,500,name corrected from beta0.eta_pi
latent_n1000_D1_a0.2,beta1,1.0,-0.0005305274387250825,0.09763064981905735,0.09772698425527837,500,500,500,
latent_n1000_D1_a0.2,beta2,0.0,-0.002672508768722501,0.0781673800713886,0.0781999198146908,500,500,500,
latent_n1000_D1_a0.2,beta3,0.0,-0.00042428984549725923,0.07903472106826075,0.07911273451214265,500,500,500,
latent_n1000_D1_a0.2,beta4,0.0,-0.0013269597629717107,0.07453904383829739,0.07460187070268247,500,500,500,
latent_n1000_D1_a0.2,beta5,0.0,-0.0031189664401113626,0.080930266710355,0.08095113520350489,500,500,500,
latent_n500_D2_a0.2,beta0,0.0,0.002873425092250746,0.10994213916170727,0.11001465283938394,500,500,500,name corrected from beta0.eta_pi
latent_n500_D2_a0.2,beta1,2.0,0.016508960881668356,0.19991736204052338,0.19943408375545038,500,500,500,
latent_n500_D2_a0.2,beta2,0.0,-0.0003707002899510723,0.11871436843123966,0.11883268180872993,500,500,500,
latent_n500_D2_a0.2,beta3,0.0,0.009070081606157486,0.1058916828341058,0.10560818287271044,500,500,500,
latent_n500_D2_a0.2,beta4,0.0,-0.008437126608213105,0.11940568494669458,0.11922651725610502,500,500,500,
latent_n500_D2_a0.2,beta5,0.0,0.0004658097325980317,0.11014861921637693,0.11025794740743372,500,500,500,
latent_n1000_D2_a0.2,beta0,0.0,0.0010361703821208294,0.07652988411035412,0.07659950706007931,500,500,500,name corrected from beta0.eta_pi
latent_n1000_D2_a0.2,beta1,2.0,0.007958312212159643,0.1263299722200562,0.1262053196710841,500,500,500,
latent_n1000_D2_a0.2,beta2,0.0,-0.001020233186965132,0.07938371563918031,0.07945665581455666,500,500,500,
latent_n1000_D2_a0.2,beta3,0.0,-0.0029289422749264418,0.07187284323752093,0.07188505975393678,500,500,500,
latent_n1000_D2_a0.2,beta4,0.0,-0.0026260050846316084,0.08108221674205279,0.08112084289135266,500,500,500,
latent_n1000_D2_a0.2,beta5,0.0,-0.001468346611514831,0.07811811213753476,0.07818253269752078,500,500,500,
latent_n500_D1_a0.3,beta0,0.0,-0.0004007549032673541,0.1283809192400751,0.12851122726965705,491,491,500,name corrected from beta0.eta_pi
latent_n500_D1_a0.3,beta1,1.0,0.017335563127279782,0.16412808831376524,0.16337646674184614,491,491,500,
latent_n500_D1_a0.3,beta2,0.0,-0.003646702909859008,0.1297689517759326,0.1298500002737033,491,491,500,
latent_n500_D1_a0.3,beta3,0.0,0.0018254564736491015,0.13722182001076944,0.137349615999878,491,491,500,
latent_n500_D1_a0.3,beta4,0.0,-0.004764795476131667,0.12808298518483413,0.12812486717646215,491,491,500,
latent_n500_D1_a0.3,beta5,0.0,0.0011827752845147321,0.12776545317844154,0.12789027923075288,491,491,500,
latent_n1000_D1_a0.3,beta0,0.0,-0.004233573027802556,0.09020684084218021,0.0901993408967847,491,491,500,name corrected from beta0.eta_pi
latent_n1000_D1_a0.3,beta1,1.0,0.001968309655563432,0.10513516964136878,0.10522395028288359,491,491,500,
latent_n1000_D1_a0.3,beta2,0.0,0.0007884843656390745,0.08803764195502986,0.08812389590523204,491,491,500,
latent_n1000_D1_a0.3,beta3,0.0,-0.00023570540717889296,0.08434676048033005,0.08443245506205867,491,491,500,
latent_n1000_D1_a0.3,beta4,0.0,0.0008085485204486534,0.08564634691656257,0.08572987605615906,491,491,500,
latent_n1000_D1_a0.3,beta5,0.0,0.003872076258926626,0.08754147078372562,0.08754499042789213,491,491,500,
latent_n500_D2_a0.3,beta0,0.0,0.004987188635294945,0.12496363419228784,0.12498912906660953,500,500,500,name corrected from beta0.eta_pi
latent_n500_D2_a0.3,beta1,2.0,0.019701577655263373,0.1885028985885686,0.18765825816601206,500,500,500,
latent_n500_D2_a0.3,beta2,0.0,0.0007199907820258793,0.133452931141447,0.13358464041883425,500,500,500,
latent_n500_D2_a0.3,beta3,0.0,-0.0037444596421453403,0.1249022877575848,0.12497118108295768,500,500,500,
latent_n500_D2_a0.3,beta4,0.0,0.002610619616050083,0.13116898524849283,0.13127434350574888,500,500,500,
latent_n500_D2_a0.3,beta5,0.0,0.0014559806424531306,0.1271616818992793,0.1272806906496299,500,500,500,
latent_n1000_D2_a0.3,beta0,0.0,0.003085570063603465,0.08047478526535752,0.08049614636768704,500,500,500,name corrected from beta0.eta_pi
latent_n1000_D2_a0.3,beta1,2.0,0.013898369956251922,0.14408497684544744,0.14355672374004022,500,500,500,
latent_n1000_D2_a0.3,beta2,0.0,-0.004114748233191865,0.08602880982716063,0.08601640897224304,500,500,500,
latent_n1000_D2_a0.3,beta3,0.0,-0.001627744193178844,0.09084321911212037,0.09091959994854736,500,500,500,
latent_n1000_D2_a0.3,beta4,0.0,0.0010340219238379302,0.09058792925064156,0.09067274572999703,500,500,500,
latent_n1000_D2_a0.3,beta5,0.0,0.0004700494567518676,0.08659856470278333,0.08668401640146434,500,500,500,
