config,quantity,parameter,truth,bias,rmse,emp_sd,avg_se,coverage95,n_valid,n_converged,n_total,status_note
recovery_n1000_D2_g0.3_x3_a0.1,model_parameter,pi1,0.5,-0.00041949446586455117,0.01355455531488402,0.013561630795631979,NA,NA,500,500,500,name corrected from pi1.eta_pi
recovery_n1000_D2_g0.3_x3_a0.1,model_parameter,mu1_1,1.0,0.0005804755507924788,0.0411569909630098,0.04119411199419382,NA,NA,500,500,500,
recovery_n1000_D2_g0.3_x3_a0.1,model_parameter,mu1_2,0.0,0.00247545849513855,0.04331017706360947,0.04328267925124764,NA,NA,500,500,500,
recovery_n1000_D2_g0.3_x3_a0.1,model_parameter,mu1_3,0.0,0.003770253539662009,0.040280131760505954,0.040143457714613424,NA,NA,500,500,500,
recovery_n1000_D2_g0.3_x3_a0.1,model_parameter,mu2_1,-1.0,-0.00038192928397270574,0.04309217770545636,0.04313364036669338,NA,NA,500,500,500,
recovery_n1000_D2_g0.3_x3_a0.1,model_parameter,mu2_2,0.0,0.001847967440875049,0.04266385739720249,0.04266650449190102,NA,NA,500,500,500,
recovery_n1000_D2_g0.3_x3_a0.1,model_parameter,mu2_3,0.0,-0.0010207265450572743,0.043025259607834494,0.043056227878903765,NA,NA,500,500,500,
recovery_n1000_D2_g0.3_x3_a0.1,model_parameter,Sigma_11,1.0,-0.004443824262932512,0.04503042149275595,0.044855493714462284,NA,NA,500,500,500,
recovery_n1000_D2_g0.3_x3_a0.1,model_parameter,Sigma_21,0.3,-0.001113724417733272,0.029122262228641397,0.02913010300423211,NA,NA,500,500,500,
recovery_n1000_D2_g0.3_x3_a0.1,model_parameter,Sigma_31,0.09,0.0007889691963764195,0.026708908638198994,0.026723990562676412,NA,NA,500,500,500,
recovery_n1000_D2_g0.3_x3_a0.1,model_parameter,Sigma_22,1.0,-0.002471808146355937,0.0458443738220117,0.045823535092315536,NA,NA,500,500,500,
recovery_n1000_D2_g0.3_x3_a0.1,model_parameter,Sigma_32,0.3,-0.0002045712902994312,0.03353705118035246,0.03357001406239002,NA,NA,500,500,500,
recovery_n1000_D2_g0.3_x3_a0.1,model_parameter,Sigma_33,1.0,-0.004705548082310378,0.044237876094421806,0.04403095443534533,NA,NA,500,500,500,
recovery_n1000_D2_g0.3_x3_a0.1,model_parameter,xi0,2.1871626039358043,NA,NA,NA,NA,NA,0,500,500,raw estimate stored as NA; cannot recover from saved replication object
recovery_n1000_D2_g0.3_x3_a0.1,model_parameter,xi1,3.0,NA,NA,NA,NA,NA,0,500,500,raw estimate stored as NA; cannot recover from saved replication object
recovery_n1000_D2_g0.3_x3_a0.1,model_parameter,alpha,0.1,1.7999999999994464e-05,0.008947066558375433,0.008956008943295264,NA,NA,500,500,500,
recovery_n1000_D2_g0.3_x3_a0.1,discriminant,beta0,0.0,-0.00038411462288753405,0.06315742401772177,0.06321950708969591,NA,NA,500,500,500,name corrected from beta0.eta_pi
recovery_n1000_D2_g0.3_x3_a0.1,discriminant,beta1,2.197802197802198,0.01768167212052407,0.1332205190518397,0.1321741471613095,NA,NA,500,500,500,
recovery_n1000_D2_g0.3_x3_a0.1,discriminant,beta2,-0.6593406593406593,-0.004663474230719853,0.07616472306392594,0.07609795559142395,NA,NA,500,500,500,
recovery_n1000_D2_g0.3_x3_a0.1,discriminant,beta3,-3.0500632544647154e-17,0.002884594522667581,0.06294614743038965,0.06294299191514975,NA,NA,500,500,500,
recovery_n500_D2_g0.3_x3_a0.1,model_parameter,pi1,0.5,-0.0003952055915147107,0.019140188205351443,0.019155272538095805,NA,NA,500,500,500,name corrected from pi1.eta_pi
recovery_n500_D2_g0.3_x3_a0.1,model_parameter,mu1_1,1.0,-0.00047117492909953574,0.05927630032659228,0.05933379114921639,NA,NA,500,500,500,
recovery_n500_D2_g0.3_x3_a0.1,model_parameter,mu1_2,0.0,-0.0035169655847230633,0.058306848730991664,0.05825897164874915,NA,NA,500,500,500,
recovery_n500_D2_g0.3_x3_a0.1,model_parameter,mu1_3,0.0,-0.0009847617514323252,0.05815981180110808,0.05820971305909411,NA,NA,500,500,500,
recovery_n500_D2_g0.3_x3_a0.1,model_parameter,mu2_1,-1.0,-0.001375282859711855,0.05977281353601909,0.05981683661773997,NA,NA,500,500,500,
recovery_n500_D2_g0.3_x3_a0.1,model_parameter,mu2_2,0.0,-0.0021502722715771977,0.05970617396636398,0.05972719828763431,NA,NA,500,500,500,
recovery_n500_D2_g0.3_x3_a0.1,model_parameter,mu2_3,0.0,0.0025446823851618472,0.05957814679172404,0.059583391375033073,NA,NA,500,500,500,
recovery_n500_D2_g0.3_x3_a0.1,model_parameter,Sigma_11,1.0,0.0019133353019491356,0.06666077130871988,0.0667000402566313,NA,NA,500,500,500,
recovery_n500_D2_g0.3_x3_a0.1,model_parameter,Sigma_21,0.3,0.0017313503857510214,0.03893105482877854,0.038931488251517904,NA,NA,500,500,500,
recovery_n500_D2_g0.3_x3_a0.1,model_parameter,Sigma_31,0.09,-0.0007363113478501089,0.036739175650056036,0.03676858347156862,NA,NA,500,500,500,
recovery_n500_D2_g0.3_x3_a0.1,model_parameter,Sigma_22,1.0,0.004483578873497469,0.06272560420651072,0.06262781674637716,NA,NA,500,500,500,
recovery_n500_D2_g0.3_x3_a0.1,model_parameter,Sigma_32,0.3,-0.0003761116284470747,0.04508119255866332,0.04512477094079422,NA,NA,500,500,500,
recovery_n500_D2_g0.3_x3_a0.1,model_parameter,Sigma_33,1.0,-0.006888608765510627,0.06318928391177454,0.06287558627366502,NA,NA,500,500,500,
recovery_n500_D2_g0.3_x3_a0.1,model_parameter,xi0,2.1871626039358043,NA,NA,NA,NA,NA,0,500,500,raw estimate stored as NA; cannot recover from saved replication object
recovery_n500_D2_g0.3_x3_a0.1,model_parameter,xi1,3.0,NA,NA,NA,NA,NA,0,500,500,raw estimate stored as NA; cannot recover from saved replication object
recovery_n500_D2_g0.3_x3_a0.1,model_parameter,alpha,0.1,-5.600000000000616e-05,0.012740486646906388,0.012753123080116226,NA,NA,500,500,500,
recovery_n500_D2_g0.3_x3_a0.1,discriminant,beta0,0.0,-0.0006854322976998746,0.08945349015574594,0.08954044933852463,NA,NA,500,500,500,name corrected from beta0.eta_pi
recovery_n500_D2_g0.3_x3_a0.1,discriminant,beta1,2.197802197802198,0.014512992619669611,0.19809794129196068,0.19776346519432209,NA,NA,500,500,500,
recovery_n500_D2_g0.3_x3_a0.1,discriminant,beta2,-0.6593406593406593,-0.006313063306804231,0.10550544249103719,0.10542187234749885,NA,NA,500,500,500,
recovery_n500_D2_g0.3_x3_a0.1,discriminant,beta3,-3.0500632544647154e-17,-0.0014095504432170003,0.09729597679427797,0.09738319794700458,NA,NA,500,500,500,
recovery_n1000_D1_g0.3_x3_a0.1,model_parameter,pi1,0.5,8.822989125938873e-05,0.014191107350721419,0.01420504522857564,NA,NA,500,500,500,name corrected from pi1.eta_pi
recovery_n1000_D1_g0.3_x3_a0.1,model_parameter,mu1_1,0.5,-0.0004407990152904635,0.04541189748395093,0.04545523607125558,NA,NA,500,500,500,
recovery_n1000_D1_g0.3_x3_a0.1,model_parameter,mu1_2,0.0,0.00238247130989563,0.04182534964312817,0.041799259076521184,NA,NA,500,500,500,
recovery_n1000_D1_g0.3_x3_a0.1,model_parameter,mu1_3,0.0,-0.0008920314291638172,0.04292261991037655,0.04295632749717002,NA,NA,500,500,500,
recovery_n1000_D1_g0.3_x3_a0.1,model_parameter,mu2_1,-0.5,-0.002474451354696127,0.04653860329887241,0.0465193162145059,NA,NA,500,500,500,
recovery_n1000_D1_g0.3_x3_a0.1,model_parameter,mu2_2,0.0,-0.0008896572771561051,0.04256339745087927,0.042596716693153625,NA,NA,500,500,500,
recovery_n1000_D1_g0.3_x3_a0.1,model_parameter,mu2_3,0.0,0.000798820209828752,0.042944482983347354,0.04298005438723453,NA,NA,500,500,500,
recovery_n1000_D1_g0.3_x3_a0.1,model_parameter,Sigma_11,1.0,-0.00373510536437676,0.044893601581854396,0.044782758309318826,NA,NA,500,500,500,
recovery_n1000_D1_g0.3_x3_a0.1,model_parameter,Sigma_21,0.3,-0.0028944075548824467,0.03148322864843889,0.03138129478464591,NA,NA,500,500,500,
recovery_n1000_D1_g0.3_x3_a0.1,model_parameter,Sigma_31,0.09,-0.002977839706790084,0.03194921283891083,0.031841992662207705,NA,NA,500,500,500,
recovery_n1000_D1_g0.3_x3_a0.1,model_parameter,Sigma_22,1.0,-0.004310731124829522,0.043500021938865846,0.04332925518123242,NA,NA,500,500,500,
recovery_n1000_D1_g0.3_x3_a0.1,model_parameter,Sigma_32,0.3,-0.0019541454318372678,0.032218639003770304,0.03219153000549504,NA,NA,500,500,500,
recovery_n1000_D1_g0.3_x3_a0.1,model_parameter,Sigma_33,1.0,-0.00229189377376596,0.04560209805134946,0.04559008094504565,NA,NA,500,500,500,
recovery_n1000_D1_g0.3_x3_a0.1,model_parameter,xi0,0.7863759218203248,NA,NA,NA,NA,NA,0,500,500,raw estimate stored as NA; cannot recover from saved replication object
recovery_n1000_D1_g0.3_x3_a0.1,model_parameter,xi1,3.0,NA,NA,NA,NA,NA,0,500,500,raw estimate stored as NA; cannot recover from saved replication object
recovery_n1000_D1_g0.3_x3_a0.1,model_parameter,alpha,0.1,0.00035799999999999407,0.009531736462995606,0.009534550398556043,NA,NA,500,500,500,
recovery_n1000_D1_g0.3_x3_a0.1,discriminant,beta0,0.0,0.0023286945923038983,0.062098129499215185,0.062116598525852315,NA,NA,500,500,500,name corrected from beta0.eta_pi
recovery_n1000_D1_g0.3_x3_a0.1,discriminant,beta1,1.098901098901099,0.008798485317526276,0.097894113422179,0.09759556284281029,NA,NA,500,500,500,
recovery_n1000_D1_g0.3_x3_a0.1,discriminant,beta2,-0.32967032967032966,0.0026196622813722393,0.07386892101848233,0.07389638837179477,NA,NA,500,500,500,
recovery_n1000_D1_g0.3_x3_a0.1,discriminant,beta3,-1.5250316272323577e-17,-0.0007666636253221303,0.06822136265488074,0.0682853742322794,NA,NA,500,500,500,
recovery_n1000_D3_g0.3_x3_a0.1,model_parameter,pi1,0.5,0.0008349385174915889,0.013943602164978548,0.013932521283163897,NA,NA,500,500,500,name corrected from pi1.eta_pi
recovery_n1000_D3_g0.3_x3_a0.1,model_parameter,mu1_1,1.5,0.0007579794806012301,0.04211980197494618,0.042155157455712335,NA,NA,500,500,500,
recovery_n1000_D3_g0.3_x3_a0.1,model_parameter,mu1_2,0.0,-0.003198663254902174,0.04544249985264241,0.04537518220966463,NA,NA,500,500,500,
recovery_n1000_D3_g0.3_x3_a0.1,model_parameter,mu1_3,0.0,0.0014542391237023907,0.042707230985569944,0.04272521099227701,NA,NA,500,500,500,
recovery_n1000_D3_g0.3_x3_a0.1,model_parameter,mu2_1,-1.5,-0.0031200119197381465,0.0396908482796412,0.039607657034590266,NA,NA,500,500,500,
recovery_n1000_D3_g0.3_x3_a0.1,model_parameter,mu2_2,0.0,-0.002793116060786324,0.04368274342341743,0.04363701357304651,NA,NA,500,500,500,
recovery_n1000_D3_g0.3_x3_a0.1,model_parameter,mu2_3,0.0,0.0001441653159114975,0.043974662103045424,0.044018466286174514,NA,NA,500,500,500,
recovery_n1000_D3_g0.3_x3_a0.1,model_parameter,Sigma_11,1.0,-0.003923423825740302,0.04597497293738069,0.04585313404643417,NA,NA,500,500,500,
recovery_n1000_D3_g0.3_x3_a0.1,model_parameter,Sigma_21,0.3,9.316619780861623e-05,0.02418022860777187,0.024204265502607934,NA,NA,500,500,500,
recovery_n1000_D3_g0.3_x3_a0.1,model_parameter,Sigma_31,0.09,0.00033070382021591424,0.022440820482274273,0.022460855704512082,NA,NA,500,500,500,
recovery_n1000_D3_g0.3_x3_a0.1,model_parameter,Sigma_22,1.0,-0.0017921030268433107,0.04410358543243387,0.04411129364676981,NA,NA,500,500,500,
recovery_n1000_D3_g0.3_x3_a0.1,model_parameter,Sigma_32,0.3,0.0005725318584463555,0.03295804132602922,0.032986070651615663,NA,NA,500,500,500,
recovery_n1000_D3_g0.3_x3_a0.1,model_parameter,Sigma_33,1.0,-0.0032537479273920355,0.046932352848125934,0.046866318095511256,NA,NA,500,500,500,
recovery_n1000_D3_g0.3_x3_a0.1,model_parameter,xi0,5.698410478820713,NA,NA,NA,NA,NA,0,500,500,raw estimate stored as NA; cannot recover from saved replication object
recovery_n1000_D3_g0.3_x3_a0.1,model_parameter,xi1,3.0,NA,NA,NA,NA,NA,0,500,500,raw estimate stored as NA; cannot recover from saved replication object
recovery_n1000_D3_g0.3_x3_a0.1,model_parameter,alpha,0.1,-0.00048400000000000575,0.009222364122067617,0.009218878426298817,NA,NA,500,500,500,
recovery_n1000_D3_g0.3_x3_a0.1,discriminant,beta0,0.0,0.004288102012661448,0.06443355301525076,0.06435509374929929,NA,NA,500,500,500,name corrected from beta0.eta_pi
recovery_n1000_D3_g0.3_x3_a0.1,discriminant,beta1,3.2967032967032965,0.029392929695562967,0.18202660991171665,0.17981771665302776,NA,NA,500,500,500,
recovery_n1000_D3_g0.3_x3_a0.1,discriminant,beta2,-0.9890109890109888,-0.012069102189153458,0.0907794674887317,0.09006370763382421,NA,NA,500,500,500,
recovery_n1000_D3_g0.3_x3_a0.1,discriminant,beta3,-1.2200253017858862e-16,0.0017073371387628287,0.06767471198607307,0.06772092652993378,NA,NA,500,500,500,
recovery_n1000_D2_g0.15_x3_a0.1,model_parameter,pi1,0.5,-0.00038797237658243455,0.014374556752667697,0.014383710979916867,NA,NA,500,500,500,name corrected from pi1.eta_pi
recovery_n1000_D2_g0.15_x3_a0.1,model_parameter,mu1_1,1.0,-0.0003915822952422343,0.04245050515999514,0.042491211535567536,NA,NA,500,500,500,
recovery_n1000_D2_g0.15_x3_a0.1,model_parameter,mu1_2,0.0,0.00011016736674285663,0.04201692115672787,0.04205885663549309,NA,NA,500,500,500,
recovery_n1000_D2_g0.15_x3_a0.1,model_parameter,mu1_3,0.0,0.0008493573147285129,0.04416228799877934,0.04419834001361323,NA,NA,500,500,500,
recovery_n1000_D2_g0.15_x3_a0.1,model_parameter,mu2_1,-1.0,-0.0006004426968004699,0.043781904640961856,0.04382163065410169,NA,NA,500,500,500,
recovery_n1000_D2_g0.15_x3_a0.1,model_parameter,mu2_2,0.0,0.0016224807133971872,0.043561499723760826,0.04357487066216396,NA,NA,500,500,500,
recovery_n1000_D2_g0.15_x3_a0.1,model_parameter,mu2_3,0.0,-0.0005853370501064167,0.04369978187031167,0.043739623058517495,NA,NA,500,500,500,
recovery_n1000_D2_g0.15_x3_a0.1,model_parameter,Sigma_11,1.0,-0.002781424343938632,0.046262899561358005,0.0462254598757513,NA,NA,500,500,500,
recovery_n1000_D2_g0.15_x3_a0.1,model_parameter,Sigma_21,0.3,-0.0015416027033038299,0.029746692889771987,0.02973647111565867,NA,NA,500,500,500,
recovery_n1000_D2_g0.15_x3_a0.1,model_parameter,Sigma_31,0.09,-0.0006714418054343732,0.02667551308221133,0.026693768536092084,NA,NA,500,500,500,
recovery_n1000_D2_g0.15_x3_a0.1,model_parameter,Sigma_22,1.0,-0.0012823150022610989,0.04330363302663486,0.0433279924691099,NA,NA,500,500,500,
recovery_n1000_D2_g0.15_x3_a0.1,model_parameter,Sigma_32,0.3,-0.00029340192153427705,0.0308981711085346,0.030927721239153976,NA,NA,500,500,500,
recovery_n1000_D2_g0.15_x3_a0.1,model_parameter,Sigma_33,1.0,-0.0038377789530742554,0.04741023461909351,0.04730197409041756,NA,NA,500,500,500,
recovery_n1000_D2_g0.15_x3_a0.1,model_parameter,xi0,0.9188779426389482,NA,NA,NA,NA,NA,0,500,500,raw estimate stored as NA; cannot recover from saved replication object
recovery_n1000_D2_g0.15_x3_a0.1,model_parameter,xi1,3.0,NA,NA,NA,NA,NA,0,500,500,raw estimate stored as NA; cannot recover from saved replication object
recovery_n1000_D2_g0.15_x3_a0.1,model_parameter,alpha,0.1,-0.00012800000000000536,0.009161222625828934,0.00916950247020536,NA,NA,500,500,500,
recovery_n1000_D2_g0.15_x3_a0.1,discriminant,beta0,0.0,7.015237952914821e-05,0.06827744386144495,0.068345787816961,NA,NA,500,500,500,name corrected from beta0.eta_pi
recovery_n1000_D2_g0.15_x3_a0.1,discriminant,beta1,2.197802197802198,0.012912486166612589,0.1289829900311864,0.12846355587776515,NA,NA,500,500,500,
recovery_n1000_D2_g0.15_x3_a0.1,discriminant,beta2,-0.6593406593406593,-0.0036039727034797467,0.08502130601343633,0.08502995969111772,NA,NA,500,500,500,
recovery_n1000_D2_g0.15_x3_a0.1,discriminant,beta3,-3.0500632544647154e-17,0.002998171685287578,0.07358972262089916,0.0736022610224826,NA,NA,500,500,500,
recovery_n1000_D2_g0.45_x3_a0.1,model_parameter,pi1,0.5,-0.00015784365755077646,0.014327965630282088,0.014341444786332884,NA,NA,500,500,500,name corrected from pi1.eta_pi
recovery_n1000_D2_g0.45_x3_a0.1,model_parameter,mu1_1,1.0,0.0006130594949696225,0.04245153629870326,0.04248962023637551,NA,NA,500,500,500,
recovery_n1000_D2_g0.45_x3_a0.1,model_parameter,mu1_2,0.0,-0.0010074607163398212,0.03885016084197853,0.03887599137982416,NA,NA,500,500,500,
recovery_n1000_D2_g0.45_x3_a0.1,model_parameter,mu1_3,0.0,-0.00015806993254195196,0.04106998480346028,0.041110812000976625,NA,NA,500,500,500,
recovery_n1000_D2_g0.45_x3_a0.1,model_parameter,mu2_1,-1.0,0.0014187849755494955,0.04260550030969468,0.04262451647399454,NA,NA,500,500,500,
recovery_n1000_D2_g0.45_x3_a0.1,model_parameter,mu2_2,0.0,8.668622261814335e-05,0.03984611326309763,0.03988592485674324,NA,NA,500,500,500,
recovery_n1000_D2_g0.45_x3_a0.1,model_parameter,mu2_3,0.0,-0.0024211465051803913,0.04010791107203248,0.04007486206215963,NA,NA,500,500,500,
recovery_n1000_D2_g0.45_x3_a0.1,model_parameter,Sigma_11,1.0,-0.002810053161231834,0.048705003624611026,0.04867256945486958,NA,NA,500,500,500,
recovery_n1000_D2_g0.45_x3_a0.1,model_parameter,Sigma_21,0.3,0.0010043201937818544,0.028058425741766726,0.028068528294440932,NA,NA,500,500,500,
recovery_n1000_D2_g0.45_x3_a0.1,model_parameter,Sigma_31,0.09,0.0019122613546080555,0.0270604763688292,0.02701985905563552,NA,NA,500,500,500,
recovery_n1000_D2_g0.45_x3_a0.1,model_parameter,Sigma_22,1.0,-0.0007007329710120976,0.04457626629668487,0.044615395967883574,NA,NA,500,500,500,
recovery_n1000_D2_g0.45_x3_a0.1,model_parameter,Sigma_32,0.3,0.0009651502443294971,0.035124250409236966,0.03514615136438285,NA,NA,500,500,500,
recovery_n1000_D2_g0.45_x3_a0.1,model_parameter,Sigma_33,1.0,-0.0036499687068803056,0.04592619341961749,0.04582677336196002,NA,NA,500,500,500,
recovery_n1000_D2_g0.45_x3_a0.1,model_parameter,xi0,3.386274041116282,NA,NA,NA,NA,NA,0,500,500,raw estimate stored as NA; cannot recover from saved replication object
recovery_n1000_D2_g0.45_x3_a0.1,model_parameter,xi1,3.0,NA,NA,NA,NA,NA,0,500,500,raw estimate stored as NA; cannot recover from saved replication object
recovery_n1000_D2_g0.45_x3_a0.1,model_parameter,alpha,0.1,-0.0006740000000000058,0.009656189724730972,0.009642285587073501,NA,NA,500,500,500,
recovery_n1000_D2_g0.45_x3_a0.1,discriminant,beta0,0.0,-0.0030927331130755496,0.05890366083701154,0.05888132371523154,NA,NA,500,500,500,name corrected from beta0.eta_pi
recovery_n1000_D2_g0.45_x3_a0.1,discriminant,beta1,2.197802197802198,0.01581504329602832,0.14421085672315648,0.1434846028844256,NA,NA,500,500,500,
recovery_n1000_D2_g0.45_x3_a0.1,discriminant,beta2,-0.6593406593406593,-0.008391850614161494,0.06982254834209013,0.06938583348226905,NA,NA,500,500,500,
recovery_n1000_D2_g0.45_x3_a0.1,discriminant,beta3,-3.0500632544647154e-17,0.0001845195291867907,0.05512271781147073,0.05517761420798976,NA,NA,500,500,500,
recovery_n1000_D2_g0.3_x1_a0.1,model_parameter,pi1,0.5,0.0009869876902281925,0.015586096502524203,0.015570392858012316,NA,NA,500,500,500,name corrected from pi1.eta_pi
recovery_n1000_D2_g0.3_x1_a0.1,model_parameter,mu1_1,1.0,0.00035534610057807005,0.04675398377257875,0.04679945625717563,NA,NA,500,500,500,
recovery_n1000_D2_g0.3_x1_a0.1,model_parameter,mu1_2,0.0,-0.0008684837734864115,0.04583990252013512,0.04587757516255924,NA,NA,500,500,500,
recovery_n1000_D2_g0.3_x1_a0.1,model_parameter,mu1_3,0.0,-0.0005938717340600576,0.04345924863753913,0.043498711294376,NA,NA,500,500,500,
recovery_n1000_D2_g0.3_x1_a0.1,model_parameter,mu2_1,-1.0,-0.003173377310915171,0.04487425162980533,0.0448067341213673,NA,NA,500,500,500,
recovery_n1000_D2_g0.3_x1_a0.1,model_parameter,mu2_2,0.0,-0.001602099626221866,0.04427174238310504,0.04428705382724248,NA,NA,500,500,500,
recovery_n1000_D2_g0.3_x1_a0.1,model_parameter,mu2_3,0.0,-0.0032327071482046847,0.044741463115938455,0.04466921539333929,NA,NA,500,500,500,
recovery_n1000_D2_g0.3_x1_a0.1,model_parameter,Sigma_11,1.0,0.0006136126880224348,0.049551574731961714,0.04959739752819117,NA,NA,500,500,500,
recovery_n1000_D2_g0.3_x1_a0.1,model_parameter,Sigma_21,0.3,0.0007399342082259375,0.03405486841305422,0.0340809269116356,NA,NA,500,500,500,
recovery_n1000_D2_g0.3_x1_a0.1,model_parameter,Sigma_31,0.09,-0.0001229252014304153,0.03168314477222577,0.031714636816926184,NA,NA,500,500,500,
recovery_n1000_D2_g0.3_x1_a0.1,model_parameter,Sigma_22,1.0,0.0033373995503099226,0.04341727180297796,0.04333216597715605,NA,NA,500,500,500,
recovery_n1000_D2_g0.3_x1_a0.1,model_parameter,Sigma_32,0.3,0.0021647954253341084,0.033408420513177314,0.033371597939712734,NA,NA,500,500,500,
recovery_n1000_D2_g0.3_x1_a0.1,model_parameter,Sigma_33,1.0,-0.0013390906569978362,0.043934910873897656,0.04395847956379739,NA,NA,500,500,500,
recovery_n1000_D2_g0.3_x1_a0.1,model_parameter,xi0,0.4162374459616252,NA,NA,NA,NA,NA,0,500,500,raw estimate stored as NA; cannot recover from saved replication object
recovery_n1000_D2_g0.3_x1_a0.1,model_parameter,xi1,1.0,NA,NA,NA,NA,NA,0,500,500,raw estimate stored as NA; cannot recover from saved replication object
recovery_n1000_D2_g0.3_x1_a0.1,model_parameter,alpha,0.1,7.399999999999434e-05,0.009635247791312895,0.009644613062339229,NA,NA,500,500,500,
recovery_n1000_D2_g0.3_x1_a0.1,discriminant,beta0,0.0,0.005884253714218934,0.08824389746801051,0.08813567264255583,NA,NA,500,500,500,name corrected from beta0.eta_pi
recovery_n1000_D2_g0.3_x1_a0.1,discriminant,beta1,2.197802197802198,0.013551515893274371,0.14412162898853478,0.14362679998751107,NA,NA,500,500,500,
recovery_n1000_D2_g0.3_x1_a0.1,discriminant,beta2,-0.6593406593406593,-0.00434290435631385,0.10939008866931281,0.10941331375699485,NA,NA,500,500,500,
recovery_n1000_D2_g0.3_x1_a0.1,discriminant,beta3,-3.0500632544647154e-17,0.004527741794791641,0.10042660072587695,0.10042495721511521,NA,NA,500,500,500,
recovery_n1000_D2_g0.3_x5_a0.1,model_parameter,pi1,0.5,-9.503073512405324e-05,0.013007786716861541,0.01302046656344545,NA,NA,500,500,500,name corrected from pi1.eta_pi
recovery_n1000_D2_g0.3_x5_a0.1,model_parameter,mu1_1,1.0,-0.0025046984741683067,0.037417473462882364,0.037370937636868606,NA,NA,500,500,500,
recovery_n1000_D2_g0.3_x5_a0.1,model_parameter,mu1_2,0.0,-0.002351594240783556,0.04090878190355759,0.04088203913220043,NA,NA,500,500,500,
recovery_n1000_D2_g0.3_x5_a0.1,model_parameter,mu1_3,0.0,-0.0011730865260224006,0.03862748583795934,0.03864833654894107,NA,NA,500,500,500,
recovery_n1000_D2_g0.3_x5_a0.1,model_parameter,mu2_1,-1.0,0.0029959605526427334,0.0412763258130415,0.04120868360187891,NA,NA,500,500,500,
recovery_n1000_D2_g0.3_x5_a0.1,model_parameter,mu2_2,0.0,0.00023535808048123224,0.03890156486040085,0.03893981218634911,NA,NA,500,500,500,
recovery_n1000_D2_g0.3_x5_a0.1,model_parameter,mu2_3,0.0,-0.002044415522783712,0.040506948145934266,0.04049583977825748,NA,NA,500,500,500,
recovery_n1000_D2_g0.3_x5_a0.1,model_parameter,Sigma_11,1.0,-0.0013779818842412262,0.044654740650109014,0.044678174840399876,NA,NA,500,500,500,
recovery_n1000_D2_g0.3_x5_a0.1,model_parameter,Sigma_21,0.3,-0.0031824753774056117,0.027643071366000856,0.02748676571729053,NA,NA,500,500,500,
recovery_n1000_D2_g0.3_x5_a0.1,model_parameter,Sigma_31,0.09,0.00038903442555775745,0.023929314290220424,0.023950113789226814,NA,NA,500,500,500,
recovery_n1000_D2_g0.3_x5_a0.1,model_parameter,Sigma_22,1.0,-0.00537780949023278,0.04400393936103819,0.043717826353317314,NA,NA,500,500,500,
recovery_n1000_D2_g0.3_x5_a0.1,model_parameter,Sigma_32,0.3,-0.0007630560074957247,0.030962423626313185,0.030984019126432838,NA,NA,500,500,500,
recovery_n1000_D2_g0.3_x5_a0.1,model_parameter,Sigma_33,1.0,-0.0029212335226720923,0.0456980198746619,0.04565022783924041,NA,NA,500,500,500,
recovery_n1000_D2_g0.3_x5_a0.1,model_parameter,xi0,3.6580721845867727,NA,NA,NA,NA,NA,0,500,500,raw estimate stored as NA; cannot recover from saved replication object
recovery_n1000_D2_g0.3_x5_a0.1,model_parameter,xi1,5.0,NA,NA,NA,NA,NA,0,500,500,raw estimate stored as NA; cannot recover from saved replication object
recovery_n1000_D2_g0.3_x5_a0.1,model_parameter,alpha,0.1,0.0007559999999999945,0.009310209449845905,0.009288758046806055,NA,NA,500,500,500,
recovery_n1000_D2_g0.3_x5_a0.1,discriminant,beta0,0.0,-0.0017485533235842687,0.04764832737167501,0.04766392096036086,NA,NA,500,500,500,name corrected from beta0.eta_pi
recovery_n1000_D2_g0.3_x5_a0.1,discriminant,beta1,2.197802197802198,0.0009096381920994525,0.12554885510843466,0.1256712939602736,NA,NA,500,500,500,
recovery_n1000_D2_g0.3_x5_a0.1,discriminant,beta2,-0.6593406593406593,0.0005338796685734562,0.06471747293969098,0.06478008331723799,NA,NA,500,500,500,
recovery_n1000_D2_g0.3_x5_a0.1,discriminant,beta3,-3.0500632544647154e-17,-0.0008684871054019739,0.049577951895217375,0.04961998922746867,NA,NA,500,500,500,
recovery_n1000_D2_g0.3_x3_a0,model_parameter,pi1,0.5,-0.0005052460031209872,0.013641922751907724,0.013646216372603936,NA,NA,500,500,500,name corrected from pi1.eta_pi
recovery_n1000_D2_g0.3_x3_a0,model_parameter,mu1_1,1.0,-0.0013914472108733187,0.041583068170612136,0.041601403662791935,NA,NA,500,500,500,
recovery_n1000_D2_g0.3_x3_a0,model_parameter,mu1_2,0.0,0.0004882466084518511,0.04200615971007148,0.04204538854896974,NA,NA,500,500,500,
recovery_n1000_D2_g0.3_x3_a0,model_parameter,mu1_3,0.0,-0.002147392929795216,0.04202768567594925,0.042014825454801674,NA,NA,500,500,500,
recovery_n1000_D2_g0.3_x3_a0,model_parameter,mu2_1,-1.0,0.0003169955484257903,0.04182879816115933,0.041869487426813005,NA,NA,500,500,500,
recovery_n1000_D2_g0.3_x3_a0,model_parameter,mu2_2,0.0,-0.0006091004100269581,0.04150922176493149,0.04154631971166562,NA,NA,500,500,500,
recovery_n1000_D2_g0.3_x3_a0,model_parameter,mu2_3,0.0,-0.00016647941041197277,0.040326452990376425,0.04036649605053359,NA,NA,500,500,500,
recovery_n1000_D2_g0.3_x3_a0,model_parameter,Sigma_11,1.0,-0.0018242530494299517,0.048726592014485134,0.048741196935602256,NA,NA,500,500,500,
recovery_n1000_D2_g0.3_x3_a0,model_parameter,Sigma_21,0.3,0.0003533184898416412,0.028376381787734422,0.028402598906742963,NA,NA,500,500,500,
recovery_n1000_D2_g0.3_x3_a0,model_parameter,Sigma_31,0.09,0.0004211833756229437,0.026506467048776412,0.02652966351207826,NA,NA,500,500,500,
recovery_n1000_D2_g0.3_x3_a0,model_parameter,Sigma_22,1.0,-0.0015139519953568546,0.04356264075632797,0.04357992702034779,NA,NA,500,500,500,
recovery_n1000_D2_g0.3_x3_a0,model_parameter,Sigma_32,0.3,-0.0008572770197107447,0.03299938872680091,0.03302128924710653,NA,NA,500,500,500,
recovery_n1000_D2_g0.3_x3_a0,model_parameter,Sigma_33,1.0,-0.0008790442675319152,0.04508711645540202,0.04512369274263984,NA,NA,500,500,500,
recovery_n1000_D2_g0.3_x3_a0,model_parameter,xi0,2.1871626039358043,NA,NA,NA,NA,NA,0,500,500,raw estimate stored as NA; cannot recover from saved replication object
recovery_n1000_D2_g0.3_x3_a0,model_parameter,xi1,3.0,NA,NA,NA,NA,NA,0,500,500,raw estimate stored as NA; cannot recover from saved replication object
recovery_n1000_D2_g0.3_x3_a0,model_parameter,alpha,0.0,0.0,0.0,0.0,NA,NA,500,500,500,
recovery_n1000_D2_g0.3_x3_a0,discriminant,beta0,0.0,-0.0010134315670920439,0.058573868900233354,0.05862375425992095,NA,NA,500,500,500,name corrected from beta0.eta_pi
recovery_n1000_D2_g0.3_x3_a0,discriminant,beta1,2.197802197802198,0.010748344476992454,0.1349217340248842,0.13462762196695915,NA,NA,500,500,500,
recovery_n1000_D2_g0.3_x3_a0,discriminant,beta2,-0.6593406593406593,-0.0030231463986461512,0.06941762522304061,0.06942122074148042,NA,NA,500,500,500,
recovery_n1000_D2_g0.3_x3_a0,discriminant,beta3,-3.0500632544647154e-17,-0.003800030301486644,0.06133386368195417,0.061277340254956916,NA,NA,500,500,500,
recovery_n1000_D2_g0.3_x3_a0.3,model_parameter,pi1,0.5,-0.00038887244434346015,0.01438166139486593,0.01439080098551212,NA,NA,500,500,500,name corrected from pi1.eta_pi
recovery_n1000_D2_g0.3_x3_a0.3,model_parameter,mu1_1,1.0,-0.0001799050175759409,0.04415971524085918,0.04420357447459519,NA,NA,500,500,500,
recovery_n1000_D2_g0.3_x3_a0.3,model_parameter,mu1_2,0.0,0.003979574154396841,0.041734782189747854,0.04158622201761959,NA,NA,500,500,500,
recovery_n1000_D2_g0.3_x3_a0.3,model_parameter,mu1_3,0.0,-0.002154787674706724,0.043812769311813535,0.04380357463894266,NA,NA,500,500,500,
recovery_n1000_D2_g0.3_x3_a0.3,model_parameter,mu2_1,-1.0,0.0003797017145012085,0.043417300449817356,0.04345912096842747,NA,NA,500,500,500,
recovery_n1000_D2_g0.3_x3_a0.3,model_parameter,mu2_2,0.0,-0.0006902248917157961,0.04021296825138534,0.040247311678925125,NA,NA,500,500,500,
recovery_n1000_D2_g0.3_x3_a0.3,model_parameter,mu2_3,0.0,-0.0005735938885427383,0.041914605843826926,0.04195265454701859,NA,NA,500,500,500,
recovery_n1000_D2_g0.3_x3_a0.3,model_parameter,Sigma_11,1.0,0.0033921041176847018,0.050328861972267894,0.050264709878768556,NA,NA,500,500,500,
recovery_n1000_D2_g0.3_x3_a0.3,model_parameter,Sigma_21,0.3,0.0020816751697039387,0.03162314191233816,0.031586153661088905,NA,NA,500,500,500,
recovery_n1000_D2_g0.3_x3_a0.3,model_parameter,Sigma_31,0.09,0.001408992868176059,0.028886158633527427,0.028880669761459497,NA,NA,500,500,500,
recovery_n1000_D2_g0.3_x3_a0.3,model_parameter,Sigma_22,1.0,-0.00012133998222087871,0.04659857060652526,0.04664508105205456,NA,NA,500,500,500,
recovery_n1000_D2_g0.3_x3_a0.3,model_parameter,Sigma_32,0.3,0.0020425068243859657,0.034274908422354915,0.03424826127021952,NA,NA,500,500,500,
recovery_n1000_D2_g0.3_x3_a0.3,model_parameter,Sigma_33,1.0,-0.00020559628096100324,0.04825205202890546,0.04829993812848921,NA,NA,500,500,500,
recovery_n1000_D2_g0.3_x3_a0.3,model_parameter,xi0,2.1871626039358043,NA,NA,NA,NA,NA,0,500,500,raw estimate stored as NA; cannot recover from saved replication object
recovery_n1000_D2_g0.3_x3_a0.3,model_parameter,xi1,3.0,NA,NA,NA,NA,NA,0,500,500,raw estimate stored as NA; cannot recover from saved replication object
recovery_n1000_D2_g0.3_x3_a0.3,model_parameter,alpha,0.3,-0.0005419999999999951,0.014463125526662627,0.014467441021113544,NA,NA,500,500,500,
recovery_n1000_D2_g0.3_x3_a0.3,discriminant,beta0,0.0,-0.0011482211612081933,0.06904883114344286,0.06910842654611664,NA,NA,500,500,500,name corrected from beta0.eta_pi
recovery_n1000_D2_g0.3_x3_a0.3,discriminant,beta1,2.197802197802198,0.0018740230811902644,0.14573290753129214,0.14586679752519358,NA,NA,500,500,500,
recovery_n1000_D2_g0.3_x3_a0.3,discriminant,beta2,-0.6593406593406593,0.0008811538200698771,0.08774384944117974,0.08782729615901314,NA,NA,500,500,500,
recovery_n1000_D2_g0.3_x3_a0.3,discriminant,beta3,-3.0500632544647154e-17,-0.003531671826566088,0.07663930590532272,0.0766345628042038,NA,NA,500,500,500,
