p,Delta,alpha,ARE
1,1,0,1.3687594722883365
1,1,0.1,1.2515811911225805
1,1,0.2,1.0917678056723268
1,1,0.3,0.9570300290537517
1,1,0.4,0.8211740537032961
1,2,0,2.4200541025749143
1,2,0.1,2.2079345739671647
1,2,0.2,1.9651535301164986
1,2,0.3,1.73998685879169
1,2,0.4,1.5238296864640235
1,3,0,3.6692134251444317
1,3,0.1,3.3657808657160797
1,3,0.2,3.017703131266684
1,3,0.3,2.707790215693138
1,3,0.4,2.3776498661270056
5,1,0,1.3992382441259041
5,1,0.1,1.2132913165978174
5,1,0.2,1.093039463795546
5,1,0.3,0.9706523819309893
5,1,0.4,0.8361028827138177
5,2,0,2.3962377732251223
5,2,0.1,2.166180821893425
5,2,0.2,1.9986436406978878
5,2,0.3,1.7500760674104794
5,2,0.4,1.4711074696480786
5,3,0,3.7171646322993745
5,3,0.1,3.312283512131858
5,3,0.2,3.077249381760016
5,3,0.3,2.7432908535093494
5,3,0.4,2.3023183771702747
